DOI,Year,Title,Ciatations count,Comment,Ektrna's evaluation,Daniel's evaluation,Notes,Column 1
10.1145/3038912.3052580,2017,Dynamic Key-Value Memory Networks for Knowledge Tracing,291,,1,0,EC5 not peer reviewed ,0
10.1109/TKDE.2019.2924374,2021,EKT: Exercise-Aware Knowledge Tracing for Student Performance Prediction,168,,1,1,,
10.1145/3394486.3403282,2020,Context-Aware Attentive Knowledge Tracing,127,,,1,,
10.1016/j.knosys.2022.108274,2022,Bi-CLKT: Bi-Graph Contrastive Learning based Knowledge Tracing,116,,,0,EC6,
10.1016/j.ins.2021.08.100,2021,JKT: A joint graph convolutional network based Deep Knowledge Tracing,112,,,1,,
10.1145/3308558.3313565,2019,Augmenting Knowledge Tracing by Considering Forgetting Behavior,88,,,0,EC6,
10.1109/ICDM.2018.00019,2018,Prerequisite-Driven Deep Knowledge Tracing,79,,,0,EC6,
10.1145/3331184.3331195,2019,Knowledge Tracing with Sequential Key-Value Memory Networks,65,,,0.5,check later again,
10.1145/3386527.3405945,2020,"Towards an Appropriate Query, Key, and Value Computation for Knowledge Tracing",59,,,0,EC5 short paper,
10.1145/3051457.3053976,2017,Incorporating Rich Features into Deep Knowledge Tracing,58,,,0,EC5 short paper,
10.1109/ICDM.2018.00156,2018,Deep Knowledge Tracing and Dynamic Student Classification for Knowledge Tracing,57,,,0,EC6,
10.1145/3397271.3401288,2020,Convolutional Knowledge Tracing: Modeling Individualization in Student Learning Process,47,,,0,EC5 short paper,
10.1016/j.ins.2020.03.014,2020,Knowledge modeling via contextualized representations for LSTM-based personalized exercise recommendation,45,,,0.5,,
10.1007/978-3-030-67658-2_18,2021,GIKT: A Graph-Based Interaction Model for Knowledge Tracing,41,,,0,EC6,
10.1145/3448139.3448188,2021,SAINT plus : Integrating Temporal Features for EdNet Correctness Prediction,39,,,0,EC5 short paper,
10.1145/3447548.3467237,2021,Learning Process-consistent Knowledge Tracing,35,,,1,,
10.1007/s12559-017-9522-0,2018,Implicit Heterogeneous Features Embedding in Deep Knowledge Tracing,34,,,1,,
10.1145/3404835.3462827,2021,Tracing Knowledge State with Individual Cognition and Acquisition Estimation,25,,,0,EC6,
10.1016/j.knosys.2020.106481,2020,Exercise recommendation based on knowledge concept prediction,25,,,0,EC6,
10.1145/3437963.3441802,2021,Temporal cross-effects in knowledge tracing,24,,,0,EC6,
10.1145/3303772.3303786,2019,Knowledge Query Network for Knowledge Tracing,23,,,1,,
10.1007/978-3-030-23207-8_56,2019,Deep Knowledge Tracing with Side Information,22,,,0,"EC5, EC6",
10.1016/j.ins.2020.04.043,2020,Exam paper generation based on performance prediction of student group,22,,,0.5,,
10.1109/ACCESS.2020.3033200,2020,Multiple Features Fusion Attention Mechanism Enhanced Deep Knowledge Tracing for Student Performance Prediction,19,,,0,EC6,
10.1016/j.eswa.2021.116454,2022,Tracking knowledge proficiency of students with calibrated Q-matrix,19,,,1,,
10.1016/j.knosys.2021.106819,2021,Time-and-Concept Enhanced Deep Multidimensional Item Response Theory for interpretable Knowledge Tracing,17,,,0,EC6,
10.1016/j.eswa.2022.117681,2022,SGKT: Session graph-based knowledge tracing for student performance prediction,16,,,1,,
10.1002/int.22763,2022,Knowledge structure enhanced graph representation learning model for attentive knowledge tracing,16,,,1,comparing DKT models (good for later),
10.1016/j.eswa.2022.116670,2022,GameDKT: Deep knowledge tracing in educational games,15,,,1,?,
10.1007/978-3-030-52240-7_46,2020,Deep Knowledge Tracing with Transformers,14,,,0,"EC4, EC5, EC6",
10.1007/978-3-030-52240-7_34,2020,Towards Interpretable Deep Learning Models for Knowledge Tracing,12,,,0,"EC4, EC5",
10.1145/3488560.3498374,2022,Improving Knowledge Tracing with Collaborative Information,12,,,1,,
10.1145/3474085.3475554,2021,Enhancing Knowledge Tracing via Adversarial Training,12,,,1,,
10.1016/j.neucom.2022.02.080,2022,Knowledge interaction enhanced sequential modeling for interpretable learner knowledge diagnosis in intelligent tutoring systems,12,,,1,,
10.1145/3485447.3512105,2022,Contrastive Learning for Knowledge Tracing,11,,,0,EC6,
10.1109/TLT.2022.3196355,2022,CMKT: Concept Map Driven Knowledge Tracing,11,,,0,EC6,
10.1145/3459637.3482372,2021,Multi-Factors Aware Dual-Attentional Knowledge Tracing,11,,,0,EC6,
10.1145/2876034.2893397,2016,Personalized Adaptive Learning using Neural Networks,11,Short paper,,0,EC5,
10.1109/ICCC47050.2019.9064104,2019,Learning Path Recommendation Based on Knowledge Tracing Model and Reinforcement Learning,10,,,0,EC6,
10.1016/j.neucom.2020.05.035,2020,Incorporating uncertainties in student response modeling by loss function regularization,9,,,0,EC6,
10.1109/TKDE.2022.3206447,2023,Deep Graph Memory Networks for Forgetting-Robust Knowledge Tracing,9,,,1,,
10.3390/app12147188,2022,Deep Knowledge Tracing Based on Spatial and Temporal Representation Learning for Learning Performance Prediction,9,,,0,EC6,
10.1016/j.ins.2022.02.044,2022,Ability boosted knowledge tracing,9,,,1,,
10.1145/3477495.3531939,2022,Assessing Student's Dynamic Knowledge State by Exploring the Question Difficulty Effect,9,,,1,,
10.1109/TCYB.2021.3051028,2022,Dynamic Key-Value Memory Networks With Rich Features for Knowledge Tracing,9,,,0.5,"we must check paper that has ""Key-Value Memory"" in their title and if results are similar, we can exclude with EC5",
10.1016/j.eswa.2022.119334,2023,HHSKT: A learner-question interactions based heterogeneous graph neural network model for knowledge tracing,8,,,0,EC6,
10.1007/978-3-319-70096-0_67,2017,Heterogeneous Features Integration in Deep Knowledge Tracing,8,,,0,EC5 similar to paper 18,
10.1007/s11280-022-01041-2,2022,Multi-type factors representation learning for deep learning-based knowledge tracing,8,,,0,EC6,
10.1109/TLT.2020.3032980,2020,Knowledge Tracing Within Single Programming Practice Using Problem-Solving Process Data,8,,,0,EC6,
10.1145/3321408.3322847,2019,Muti-behavior features based knowledge tracking using decision tree improved DKVMN,8,,,0.5,similar to 18 (CART),
10.1145/3386527.3406739,2020,Interpretable Personalized Knowledge Tracing and Next Learning Activity Recommendation,8,,,0,EC5,
10.1007/978-3-030-55130-8_9,2020,Attention-Based Knowledge Tracing with Heterogeneous Information Network Embedding,7,,,0,EC6,
10.1016/j.ins.2022.12.075,2023,Self-supervised heterogeneous hypergraph network for knowledge tracing,7,,,0,EC6,
10.18653/v1/W18-0545,2018,Deep factorization machines for knowledge tracing,7,,,0,EC5,
10.1016/j.eswa.2022.117680,2022,Ensemble Knowledge Tracing: Modeling interactions in learning process,6,,,0,"please read this section (Compare the interpretability of DKT and EnKT
)",EC6
10.1145/3209219.3209227,2018,Co-embeddings for Student Modeling in Virtual Learning Environments,6,,,0,EC6,
10.1109/ACCESS.2020.3032141,2021,Tracking Knowledge Structures and Proficiencies of Students With Learning Transfer,6,,,0,EC6,
10.1016/j.compeleceng.2022.108179,2022,Time Interval Aware Self-Attention approach for Knowledge Tracing?,5,,,0,EC6,
10.1007/978-3-030-52240-7_66,2020,Learning from Interpretable Analysis: Attention-Based Knowledge Tracing,5,,,0,"EC5,6",
10.1007/978-3-319-67615-9_10,2017,Neural Knowledge Tracing,5,,,0,EC6,
10.1145/3437963.3441747,2021,Federated Deep Knowledge Tracing,5,,,1,Federated,
10.1145/3543507.3583866,2023,Enhancing Deep Knowledge Tracing with Auxiliary Tasks,5,,,1,,
10.5281/zenodo.3554691,2018,Deep Learning vs. Bayesian Knowledge Tracing: Student Models for Interventions.,5,,,1,BKT vs DKT,EC6
10.1007/978-3-030-52240-7_59,2020,Exercise Hierarchical Feature Enhanced Knowledge Tracing,4,,,0,"EC5,6",
10.1007/978-3-319-93846-2_65,2018,Deep Knowledge Tracing for Free-Form Student Code Progression,4,,,0,"EC5,6",
10.1007/978-3-319-46681-1_14,2016,Topological Order Discovery via Deep Knowledge Tracing,4,,,0,"EC5,6",
10.1145/3477495.3532004,2022,Introducing Problem Schema with Hierarchical Exercise Graph for Knowledge Tracing,4,,,1,or 0.5?,
10.1109/ICTAI.2019.00217,2019,Some Improvements of Deep Knowledge Tracing,4,,84 is the more recent version,0,Data bias (perfect),
10.1109/ICCSE51940.2021.9569258,2021,DTKT:An improved deep temporal convolutional network for knowledge tracing,4,,,0,EC6,
10.1109/CyberC49757.2020.00054,2020,Convolutional Recurrent Neural Networks for Knowledge Tracing,4,,,0,"EC5,6",
10.1109/ICME51207.2021.9428154,2021,INTEGRATING PERFORMANCE AND SIDE FACTORS INTO EMBEDDINGS FOR DEEP LEARNING-BASED KNOWLEDGE TRACING,4,,,0,EC6,
10.1007/978-3-030-78270-2_20,2021,Incorporating Item Response Theory into Knowledge Tracing,3,,,0,EC6,
10.1007/s10489-022-03621-1,2023,What is wrong with deep knowledge tracing? Attention-based knowledge tracing,3,,1,1,,
10.3390/app13042541,2023,Calibrated Q-Matrix-Enhanced Deep Knowledge Tracing with Relational Attention Mechanism,3,,,1,Great example of heatmap for  reconstruction problem and the wavy transition,
10.1007/s40593-022-00297-z,2023,Interpreting Deep Learning Models for Knowledge Tracing,3,,,0,,
10.1007/978-3-030-60290-1_14,2020,Learning Ability Community for Personalized Knowledge Tracing,3,,,0,EC6 (good for clustering adjacent skills),
10.1007/978-3-030-73194-6_23,2021,EDKT: An Extensible Deep Knowledge Tracing Model for Multiple Learning Factors,3,,,0,EC6,
10.1109/IJCNN52387.2021.9533298,2021,GKT-CD: Make Cognitive Diagnosis Model Enhanced by Graph-based Knowledge Tracing,3,,,0.5,only if needed,
10.1016/j.ipm.2022.103114,2023,A novel framework for deep knowledge tracing via gating-controlled forgetting and learning mechanisms,3,,,1,Perfect case study (heatmap),
10.1007/978-3-030-62005-9_22,2020,ADKT: Adaptive Deep Knowledge Tracing,3,,,0,EC6,
10.1016/j.ins.2023.01.011,2023,Plastic gating network: Adapting to personal development and individual differences in knowledge tracing,3,,,0.5,Has heatmap but does not discus the reconstruction or wavi..,
10.1016/j.patrec.2022.11.016,2023,A self-attentive model for tracing knowledge and engagement in parallel,3,,,0,EC6,
10.3389/frai.2022.921476,2022,Infusing Expert Knowledge Into a Deep Neural Network Using Attention Mechanism for Personalized Learning Environments,3,,,1,Recent version of data inconsistency paper,
10.1145/3539597.3575790,2023,Recent Advances on Deep Learning based Knowledge Tracing,3,,,0,EC5 Talk,
10.1109/BESC51023.2020.9348285,2020,Knowledge Interaction Enhanced Knowledge Tracing for Learner Performance Prediction,3,,,0,EC6,
10.1109/CSEI50228.2020.9142472,2020,Deep knowledge tracking based on attention mechanism for student performance prediction,3,,,0,EC6,
10.1109/LRA.2023.3235683,2023,Continuous Estimation of Lower Limb Joint Angles From Multi-Stream Signals Based on Knowledge Tracing,3,,,0,This should NOT have made it into the 2nd screening?,
10.1016/j.eswa.2023.119786,2023,Exploiting multiple question factors for knowledge tracing,3,,,1,,
10.3233/WEB-210458,2021,Graph-based knowledge tracing: Modeling student proficiency using graph neural networks,2,,,1,,
10.1007/978-3-030-98005-4_19,2022,BiDKT: Deep Knowledge Tracing with BERT,2,,,0,EC6,
10.1109/ICDMW.2018.00055,2018,End-to-End Deep Knowledge Tracing by Learning Binary Question-Embedding,2,,,0,EC5 workshop,
10.1145/3488560.3498379,2022,AdaptKT: A Domain Adaptable Method for Knowledge Tracing,2,,,1,,
10.1109/TLT.2023.3254544,2023,Dynamic Cognitive Diagnosis: An Educational Priors-Enhanced Deep Knowledge Tracing Perspective,2,,,1,,
10.1007/978-3-030-86362-3_26,2021,Sequential Self-Attentive Model for Knowledge Tracing,2,,,0,EC6,
10.1145/3580305.3599407,2023,Learning Behavior-oriented Knowledge Tracing,2,,,1,The paragraph before conclusion is very good (investigating heatmap),
10.1007/s10489-021-02765-w,2022,Modeling knowledge proficiency using multi-hierarchical capsule graph neural network,2,,,1,Good graph,
10.1109/GCAT52182.2021.9587697,2021,SkillCrest: A Skill Assessment System Using Deep Knowledge Tracing and User Feedback Sentiment Analysis,2,,,0,EC6,
10.1007/978-3-030-89363-7_28,2021,An Improved Deep Model for Knowledge Tracing and Question-Difficulty Discovery,2,,,0.5,,
10.1145/3386527.3406741,2020,Cold Start Knowledge Tracing with Attentive Neural Turing Machine,2,,,0,EC5 ,
10.1007/978-3-030-30952-7_3,2019,BiRNN-DKT: Transfer Bi-directional LSTM RNN for Knowledge Tracing,2,,,0,EC6,
10.1007/978-981-15-1899-7_4,2019,Inferring How Novice Students Learn to Code: Integrating Automated Program Repair with Cognitive Model,2,,,0,EC6,
10.1109/ICASSP43922.2022.9746810,2022,Incremental Context Aware Attentive Knowledge Tracing,2,,,0,EC6,
10.1109/ICDMW58026.2022.00048,2022,Programming Knowledge Tracing: A Comprehensive Dataset and A New Model,2,,,0,EC6,
10.1109/TKDE.2022.3221985,2023,Monitoring Student Progress for Learning Process-Consistent Knowledge Tracing,2,,,1,MUST read explanation of Fig 1 and 5 (justification for waviness),
10.1007/978-3-031-11644-5_75,2022,Self-attention in Knowledge Tracing: Why It Works,1,,,0,EC6,
10.1109/ICEIT54416.2022.9690737,2022,Heterogeneous Graph Based Knowledge Tracing,1,,,0,EC6,
10.1007/978-3-030-82136-4_46,2021,Knowledge Tracing with Exercise-Enhanced Key-Value Memory Networks,1,,,0,EC6,
10.1007/978-3-031-11644-5_51,2022,A Generic Interpreting Method for Knowledge Tracing Models,1,,,0,EC6,
10.1007/s00521-022-07834-w,2023,Knowledge tracing based on multi-feature fusion,1,,,1,,
10.1109/BigComp57234.2023.00023,2023,Inductive Graph-based Knowledge Tracing,1,,,0,EC6,
10.1007/978-3-030-80421-3_5,2021,DiKT: Dichotomous Knowledge Tracing,1,,,1,,
10.1016/j.eswa.2023.120853,2023,Improving knowledge tracing via a heterogeneous information network enhanced by student interactions,1,,,1,,
10.3390/su15129427,2023,Multiple Learning Features-Enhanced Knowledge Tracing Based on Learner-Resource Response Channels,1,,,0,Has the heatmap but only to visualize the predictions and did not discuss the problems,
10.1007/978-3-030-82147-0_27,2021,Collaborative Embedding for Knowledge Tracing,1,,,0,EC6,
10.1145/3506860.3506870,2022,Enhancing Programming Knowledge Tracing by Interacting Programming Skills and Student Code,1,,,0,EC5,
10.3390/su142316307,2022,DCKT: A Novel Dual-Centric Learning Model for Knowledge Tracing,1,,,1,,
10.1007/978-3-031-00126-0_6,2022,Knowledge-Enhanced Multi-task Learning for Course Recommendation,1,,,0,EC6,
10.1007/978-3-030-23207-8_30,2019,What Does Time Tell? Tracing the Forgetting Curve Using Deep Knowledge Tracing,1,,,0,EC6,
10.1145/3573051.3596183,2023,Efficient Transformer-based Knowledge Tracing for a Personalized Language Education Application,1,,,0,EC5,
10.1007/978-3-030-85899-5_17,2021,SQKT: A Student Attention-Based and Question-Aware Model for Knowledge Tracing,1,,,0.5,,
10.24963/ijcai.2020/216,2020,Improving Knowledge Tracing via Pre-training Question Embeddings,1,,,0,EC6,
10.1007/978-3-030-82136-4_26,2021,Attentional Neural Factorization Machines for Knowledge Tracing,1,,,0,EC6,
10.1109/ACCESS.2022.3187987,2022,SPAKT: A Self-Supervised Pre-TrAining Method for Knowledge Tracing,1,,,1,,
10.1038/s41598-022-07956-0,2022,HELP-DKT: an interpretable cognitive model of how students learn programming based on deep knowledge tracing,1,,,0,EC6,
10.1016/j.eswa.2023.120212,2023,Fusing hybrid attentive network with self-supervised dual-channel heterogeneous graph for knowledge tracing,1,,,0,EC6,
10.18653/v1/2021.acl-short.88,2021,Question Generation for Adaptive Education,1,,,0,Thsi should have made it into the 2nd screening?,
10.1007/978-981-16-8143-1_8,2021,Memory Attentive Cognitive Diagnosis for Student Performance Prediction,1,,,0,Not properly discussed the heatmap,
10.1007/978-3-030-92836-0_24,2021,Deep Knowledge Tracking Based on Exercise Semantic Information,1,,,0,EC6,
10.1007/978-3-031-30108-7_22,2023,DAGKT: Difficulty and Attempts Boosted Graph-Based Knowledge Tracing,1,,,0,EC6,
10.1109/BCD51206.2021.9582084,2021,Efficient Attentive Knowledge Tracing for Long-Tail Distributed Records,1,,,0,EC6,
10.1109/CSTE55932.2022.00060,2022,Dynamic Key-Value Memory Networks based on Concept Structure for Knowledge Tracing,1,,,0,EC6,
10.1109/BigData55660.2022.10020617,2022,Transition-Aware Multi-Activity Knowledge Tracing,1,,,0,EC6,
10.1145/3386527.3406729,2020,Automatic RNN Cell Design for Knowledge Tracing using Reinforcement Learning,1,,,0,EC5,
10.1109/CSTE53634.2021.00022,2021,Learning Strategy Based on Deep Knowledge Tracing,1,,,0,EC6,
10.1007/978-3-030-34387-3_4,2020,Deep Knowledge Tracing Based on Bayesian Neural Network,1,,,0,EC5,
10.18653/v1/k17-1025,2017,Knowledge tracing in sequential learning of inflected vocabulary,1,EC4,0,,EC4,
10.48550/arXiv.2105.07909,2021,Application of deep self-attention in knowledge tracing,1,,,0,EC6,
,2023,Deep Knowledge Tracing is an Implicit Dynamic Multidimensional Item Response Theory Model,0,,,0,EC6,
,2021,Multi-factor Memory Attentive Model for Knowledge Tracing,0,,,0,"EC6 not properly discussing the heatmap related to wavine, etc.",
,2021,BEKT: Deep Knowledge Tracing with Bidirectional Encoder Representations from Transformers,0,,,0,EC6,
,2021,Prior Knowledge on the Dynamics of Skill Acquisition Improves Deep Knowledge Tracing,0,,,0,EC6,
,2023,EasyDKT: an easy-to-use framework for Deep Knowledge Tracing,0,,,0,EC6,
,2022,Proximity-Based Educational Recommendations: A Multi-Objective Framework,0,,,0,Should not have made it into the 2nd screening,
,2020,What Time is It? Student Modeling Needs to Know,0,,,0,EC6,
,2021,Learning from Non-Assessed Resources: Deep Multi-Type Knowledge Tracing,0,,,1,,
,2021,Context-aware Knowledge Tracing Integrated with The Exercise Representation and Association in Mathematics,0,,,0,EC6,
,2020,Accuracy-aware deep knowledge tracing with knowledge state vector loss,0,,,0,"EC5,6",
,2020,Towards Temporality-Sensitive Recurrent Neural Networks through Enriched Traces,0,,,0,"EC5,6",
,2019,Concept-aware deep knowledge tracing and exercise recommendation in an online learning system,0,,,1,,
,2021,Deep-IRT with independent student and item networks,0,,,0,EC6,
,2021,Behavioral Testing of Deep Neural Network Knowledge Tracing Models,0,,,0,EC6,
,2021,Incorporating wide context information for deep knowledge tracing using attentional bi-interaction,0,,,0,EC6,
,2019,Deep hierarchical knowledge tracing,0,,,0,"EC5,6",
,2020,EAnalyst: Toward Understanding Large-scale Educational Data,0,,,0,"EC5,6",
,2017,Few hundred parameters outperform few hundred thousand?,0,,,0,EC6,
,2018,Modeling hint-taking behavior and knowledge state of students with multi-task learning,0,,,0,EC6,
10.1109/TCE.2024.3512004,2024,Memory-Driven Attentive Knowledge Tracing for Implicit Inter-Question Analysis,0,,,0,EC6 (not properly discussed the heatmap),
10.1109/ICDMW58026.2022.00047,2022,Online Deep Knowledge Tracing,0,,,0,EC6,
10.1109/ACCESS.2024.3388718,2024,DKVMN-KAPS: Dynamic Key-Value Memory Networks Knowledge Tracing With Students' Knowledge-Absorption Ability and Problem-Solving Ability,0,,,1,,
10.1145/3529466.3529477,2022,A Novel Knowledge Tracing Model Based on Collaborative Multi-Head Attention,0,,,0,EC6,
10.1016/j.engappai.2024.107969,2024,Adaptive meta-knowledge dictionary learning for incremental knowledge tracing,0,,,1,,
10.1007/978-3-031-42682-7_13,2023,Broader and Deeper: A Multi-Features with Latent Relations BERT Knowledge Tracing Model,0,,,0,EC6,
10.1016/j.asoc.2024.112194,2024,Dynamic heterogeneous graph contrastive networks for knowledge tracing,0,,,0,EC6,
10.1145/3472634.3472664,2021,BSLKT: A Bagging Model with Self-Attention and LightGBM for Knowledge Tracing,0,,,0,EC6,
10.1016/j.eswa.2023.123128,2024,Learning consistent representations with temporal and causal enhancement for knowledge tracing,0,,,1,,
10.1007/978-981-97-5612-4_41,2024,ETVKT: Enhanced Training Vector for Knowledge Tracing,0,,,0,EC6 (not properly discussed the heatmap),
10.1109/JAS.2023.123678,2023,GraphCA: Learning from Graph Counterfactual Augmentation for Knowledge Tracing,0,,,1,Data sparsity issue,
10.3390/app14177952,2024,Knowledge Graph and Personalized Answer Sequences for Programming Knowledge Tracing,0,,,1,Great heatmap analysis,
10.1007/978-3-031-43427-3_32,2023,Graph-Enhanced Multi-Activity Knowledge Tracing,0,,,0,EC6,
10.1007/s13042-024-02219-y,2024,Domain adaptive knowledge tracing,0,,,0,EC6 check later,
10.1145/3448139.3448170,2021,Variational Deep Knowledge Tracing for Language Learning,0,,,0,EC6 check later,
10.1371/journal.pone.0295808,2023,Knowledge relation rank enhanced heterogeneous learning interaction modeling for neural graph forgetting knowledge tracing,0,,,0,EC6,
10.3390/app14083425,2024,An Enhanced Deep Knowledge Tracing Model via Multiband Attention and Quantized Question Embedding,0,,,0,EC6,
10.1109/TCSS.2024.3452130,2024,Enhanced Knowledge Tracing With Learnable Filter,0,,,1,,
10.1109/ICDMW60847.2023.00201,2023,A Deep Memory-Aware Attentive Model for Knowledge Tracing,0,,,0,EC5 workshop paper,
10.1145/3583780.3614822,2023,Continuous Personalized Knowledge Tracing: Modeling Long-Term Learning in Online Environments,0,,,0,EC6,
10.1145/3652583.3658030,2024,Discovering Multi-Relational Integration for Knowledge Tracing with Retentive Networks,0,,,1,,
10.1145/3657604.3664674,2024,Context-Embedded Knowledge Tracing and Latent Concept Detection in a Reading Game,0,,,0,EC5 short paper,
10.1007/978-981-97-2259-4_30,2024,Improving Knowledge Tracing via Considering Students' Interaction Patterns,0,,,1,,
10.1109/ICOIN56518.2023.10048977,2023,Applying Deep Knowledge Tracing Model for University Students' Programming Learning,0,,,0,"EC5,6",
10.1109/ICTAI56018.2022.00069,2022,Skill-Oriented Hierarchical Structure for Deep Knowledge Tracing,0,,,0,EC6,
10.1016/j.neucom.2024.128366,2024,Self-paced contrastive learning for knowledge tracing,0,,,1,,
10.3390/app14198927,2024,Bridging the Vocabulary Gap: Using Side Information for Deep Knowledge Tracing,0,,,1,SHAP,
10.1007/978-3-031-09680-8_12,2022,Deep Knowledge Tracing on Skills with Small Datasets,0,84 is the more complete version,,0,EC5,
10.1109/TKDE.2024.3418098,2024,XKT: Toward Explainable Knowledge Tracing Model With Cognitive Learning Theories for Questions of Multiple Knowledge Concepts,0,,,0,EC6,
10.1007/978-3-031-11647-6_54,2022,Contrastive Deep Knowledge Tracing,0,,,0,EC5,
10.1145/3652601,2024,ELAKT: Enhancing Locality for Attentive Knowledge Tracing,0,,,1,Great visualizations ,
10.1109/TLT.2023.3264772,2024,Stable Knowledge Tracing Using Causal Inference,0,,,1,,
10.1609/aaai.v37i8.26214 ,2023,Deep Attentive Model for Knowledge Tracing,0,,,0,EC6,
10.1145/3651671.3651763,2024,Global Feature-guided Knowledge Tracing,0,,,1,,
10.1007/s10489-022-04095-x,2023,An approach for combining multimodal fusion and neural architecture search applied to knowledge tracing,0,,,0,EC6,
10.1007/978-3-031-64315-6_36,2024,Recurrent Neural Collaborative Filtering for Knowledge Tracing,0,,,0,EC6,
10.1016/j.knosys.2024.112384,2024,MLC-DKT: A multi-layer context-aware deep knowledge tracing model,0,,,1,,
10.1016/j.jksuci.2024.102065,2024,Knowledge ontology enhanced model for explainable knowledge tracing,0,,,0,EC6,
10.1016/j.jksuci.2024.102224,2024,Quantum computing enhanced knowledge tracing: Personalized KT research for mitigating data sparsity,0,,,0,EC6,
10.1007/978-3-030-87571-8_11,2021,Self-learning Tags and Hybrid Responses for Deep Knowledge Tracing,0,,,0,EC6,
10.1007/978-981-97-5615-5_36,2024,Interaction Sequence Temporal Convolutional Based Knowledge Tracing,0,,,1,prediciton stability,
10.1109/ICDMW58026.2022.00046,2022,Deep Knowledge Tracing with Learning Curves,0,,,1,Good visualization,
10.1109/ICAIIC57133.2023.10067066,2023,AI in Classroom: Group Score Prediction System,0,,,0,EC2,
10.1155/2022/9153697,2022,NTM-Based Skill-Aware Knowledge Tracing for Conjunctive Skills,0,,,0 or 0.5?,problem with heatmap?,
10.1145/3674399.3674427,2024,Improving Knowledge Tracing via Considering Conceptual Structure and Individual Differences,0,,,0,EC6,
10.1007/s11280-023-01190-y,2023,Integrating fine-grained attention into multi-task learning for knowledge tracing,0,,,1,data inconsistency,
10.1109/TCE.2023.3293953,2024,Weighted Heterogeneous Graph-Based Three-View Contrastive Learning for Knowledge Tracing in Personalized e-Learning Systems,0,,,0,EC6,
10.1145/3656167,2024,FDKT: Towards an Interpretable Deep Knowledge Tracing via Fuzzy Reasoning,0,,,0,EC6,
10.1007/s11390-022-2412-2,2022,An Exercise Collection Auto-Assembling Framework with Knowledge Tracing and Reinforcement Learning,0,,,0,EC6,
10.1007/978-3-031-63031-6_15,2024,LBKT: A LSTM BERT-Based Knowledge Tracing Model for Long-Sequence Data,0,,,0,EC6,
10.1109/PHM2022-London52454.2022.00074,2022,Research on Deep Knowledge Tracing Model Integrating Graph Attention Network,0,,,0,non education or CS related conference,
10.1007/s11704-023-3008-x,2024,A probabilistic generative model for tracking multi-knowledge concept mastery probability,0,,,1,,
10.1109/TLT.2024.3403135,2024,Design and evaluation of Trustworthy Knowledge Tracing Model for Intelligent Tutoring System,0,,,1,with XAI and empirical study,
10.3390/app13137704,2023,SFBKT: A Synthetically Forgetting Behavior Method for Knowledge Tracing,0,,1,,,
10.1145/3563359.3597384,2023,Exploring cognitive models to augment explainability in Deep Knowledge Tracing,0,,0,,EC5,
10.1016/j.eswa.2024.123419,2024,Pull together: Option-weighting-enhanced mixture-of-experts knowledge tracing,0,,1,,,
10.3389/fpsyg.2024.1359199,2024,Psychological factors enhanced heterogeneous learning interactive graph knowledge tracing for understanding the learning process,0,,0,,EC6,
10.1016/j.ins.2023.120032,2024,Question-response representation with dual-level contrastive learning for improving knowledge tracing,0,,0,,EC6,
10.1016/j.eswa.2023.122249,2024,Heterogeneous graph-based knowledge tracing with spatiotemporal evolution,0,,1,,,
10.1016/j.eswa.2023.122573,2024,Towards more accurate and interpretable model: Fusing multiple knowledge relations into deep knowledge tracing,0,,1,,,
10.1109/IJCNN54540.2023.10191799,2023,CAKT: Coupling contrastive learning with attention networks for interpretable knowledge tracing,0,,1,,,
10.1109/TLT.2024.3381045,2024,Modeling Student Performance Using Feature Crosses Information for Knowledge Tracing,0,,1,,,
10.1109/TLT.2023.3259013,2023,Improving Knowledge Tracing via Considering Two Types of Actual Differences From Exercises and Prior Knowledge,0,,0,,EC6,
10.1007/978-981-99-4742-3_11,2023,Modeling Working Memory Using Convolutional Neural Networks for Knowledge Tracing,0,,0,,EC6,
10.1109/CCAI61966.2024.10602966,2024,A Confusion-Enhanced Deep Learning Model for Knowledge Tracing,0,,0,,EC5,
10.58459/icce.2023.945 ,2023,An Efficient and Generic Method for Interpreting Deep Learning based Knowledge Tracing Models,0,,1,,,
10.3233/JIFS-235723,2024,A deeper knowledge tracking model integrating cognitive theory and learning behavior,0,full text not available,0,,EC5,
10.1016/j.knosys.2024.112161,2024,Programming knowledge tracing based on heterogeneous graph representation,0,,0,,EC6,
10.1007/978-981-97-5492-2_4,2024,Attention and Learning Features-Enhanced Knowledge Tracing,0,,0,,EC6,
10.1109/TEVC.2023.3286666,2024,A Genetic Causal Explainer for Deep Knowledge Tracing,0,,1,,,
10.1109/IJCNN54540.2023.10191844,2023,HGKT: Hypergraph-based Knowledge Tracing for Learner Performance Prediction,0,,0,,EC6,
10.3233/JIFS-224351,2023,Precise modeling of learning process based on multiple behavioral features for knowledge tracing,0,full text not available,0,,EC5,
10.1007/s10489-023-05083-5,2023,Temporal enhanced inductive graph knowledge tracing,0,,0,,EC6,
10.1016/j.eswa.2024.123898,2024,Target hierarchy-guided knowledge tracing : Fine-grained knowledge state modeling,0,,0,,EC6,
10.1016/j.eswa.2024.125248,2025,STHKT: Spatiotemporal Knowledge Tracing with Topological Hawkes Process,0,,0,,EC6,
10.1145/3539618.3592073,2023,Towards Robust Knowledge Tracing Models via <i>k</i>-Sparse Attention,0,,0,,EC5,
10.1007/978-3-031-64302-6_18,2024,Deep-IRT with a Temporal Convolutional Network for Reflecting Students' Long-Term History of Ability Data,0,,0,,EC6,
10.1016/j.eswa.2024.124933,2024,Explore Bayesian analysis in Cognitive-aware Key-Value Memory Networks for knowledge tracing in online learning,0,,1,,,
10.1109/TNNLS.2024.3386810,2024,Dual-Channel Adaptive Scale Hypergraph Encoders With Cross-View Contrastive Learning for Knowledge Tracing,0,,0,,EC6,
10.1145/3589340,2024,MAN: Memory-augmented Attentive Networks for Deep Learning-based Knowledge Tracing,0,,0,,EC6,
10.1109/ISCMI56532.2022.10068443,2022,Proficiency Prediction System for Online Learning Based on Recurrent Neural Networks,0,,0,,EC5,
10.1007/978-3-031-63031-6_10,2024,MonaCoBERT: Monotonic Attention Based ConvBERT for Knowledge Tracing,0,,1,,,
10.1016/j.eswa.2024.124451,2024,Meta-path structured graph pre-training for improving knowledge tracing in intelligent tutoring,0,,1,,,
10.1109/TLT.2023.3336240,2024,OPKT: Enhancing Knowledge Tracing With Optimized Pretraining Mechanisms in Intelligent Tutoring,0,,0,,EC6,
10.1109/TLT.2023.3346671,2024,Deep Knowledge Tracing Incorporating a Hypernetwork With Independent Student and Item Networks,0,,1,,,
10.1109/TLT.2024.3386750,2024,CoSKT: A Collaborative Self-Supervised Learning Method for Knowledge Tracing,0,,0,,EC6,
10.1007/978-3-031-64302-6_13,2024,Knowledge Tracing as Language Processing: A Large-Scale Autoregressive Paradigm,0,,0,,EC6,
10.1007/978-3-031-64302-6_7,2024,Knowledge Tracing Unplugged: From Data Collection to Model Deployment,0,,0,,EC4,
10.1371/journal.pone.0301714,2024,GELT: A graph embeddings based lite-transformer for knowledge tracing,0,,1,,,
10.1007/978-981-97-5678-0_17,2024,Deep Knowledge Tracking Integrating Programming Exercise Difficulty and Forgetting Factors,0,,1,,,
10.1371/journal.pone.0312022,2024,DKVMN&MRI: A new deep knowledge tracing model based on DKVMN incorporating multi-relational information,0,,1,,,
10.1109/DDCLS58216.2023.10167354,2023,Deep Knowledge Tracing Model with an Evolved Transformer Structure,0,,0,,EC5,
10.48550/arXiv.2206.11460,2022,PYKT: A Python Library to Benchmark Deep Learning based Knowledge Tracing Models,0,,0,,EC6,
10.1016/j.knosys.2024.112375,2024,An efficient state-aware Coarse-Fine-Grained model for Knowledge Tracing,0,,1,,,
10.1007/978-3-031-20862-1_26,2022,APGKT: Exploiting Associative Path on Skills Graph for Knowledge Tracing,0,,0,,EC6,
10.1038/s41598-022-22539-9,2022,Embedding cognitive framework with self-attention for interpretable knowledge tracing,0,,0,,EC6,
10.1109/TE.2024.3448532,2024,Knowledge Tracing Through Enhanced Questions and Directed Learning Interaction Based on Multigraph Embeddings in Intelligent Tutoring Systems,0,,0,,EC6,
10.1007/s12559-024-10341-w,2024,Enhanced Dynamic Key-Value Memory Networks for Personalized Student Modeling and Learning Ability Classification,0,,0,,EC6,
10.3390/app13095220,2023,Knowledge Tracing Model and Student Profile Based on Clustering-Neural-Network,0,,0,,EC6,
10.1016/j.eswa.2023.121637,2024,Global and local neural cognitive modeling for student performance prediction,0,,0,,EC6,
10.48550/arXiv.2302.06885,2023,Improving Interpretability of Deep Sequential Knowledge Tracing Models with Question-centric Cognitive Representations,0,,1,,,
10.48550/arXiv.2310.01180,2023,Evolutionary Neural Architecture Search for Transformer in Knowledge Tracing,0,,0,,EC6,
10.48550/arXiv.2204.14006,2022,No Task Left Behind: Multi-Task Learning of Knowledge Tracing and Option Tracing for Better Student Assessment,0,,0,,EC6,
10.1007/s10639-023-12334-y,2024,Temporal learner modelling through integration of neural and symbolic architectures,0,,1,,,
10.1109/TLT.2023.3326449,2024,Contrastive Personalized Exercise Recommendation With Reinforcement Learning,0,,0,,EC6,
10.1137/1.9781611978032.43,2024,Graph-based Student Knowledge Profile for Online Intelligent Education,0,,0,,EC6,
10.1109/TLT.2023.3301011,2024,Multivariate Knowledge Tracking Based on Graph Neural Network in ASSISTments,0,,0,,EC6,
10.2298/CSIS220706024Y,2023,Personalization Exercise Recommendation Framework based on Knowledge Concept Graph,0,,0,,EC6,
10.1109/ICDM58522.2023.00165,2023,On the Verification of Embeddings with Hybrid Markov Logic,0,,0,,EC5,
10.1016/j.knosys.2024.112431,2024,Personalized process-type learning path recommendation based on process mining and deep knowledge tracing,0,,0,,EC6,
10.1109/ICBK50248.2020.00096,2020,Neural Attentive Knowledge Tracing Model for Student Performance Prediction,0,,0,,EC6,
10.1142/S0219649224500400,2024,Student Psychology Teaching Learning Optimisation-Based Deep Long Short-Term Memory for Predicting Student Performance,0,no full text available,0,,EC5,
10.1007/978-981-97-7244-5_18,2024,Data Augmentation for Knowledge Tracing Based on Variational AutoEncoder and Efficient Network Reusing,0,,0,,EC6,
10.48550/arXiv.2303.01042,2023,Reinforcement Learning Guided Multi-Objective Exam Paper Generation,0,,0,,EC6,
10.1145/3617828,2024,Heterogeneous Evolution Network Embedding with Temporal Extension for Intelligent Tutoring Systems,0,,1,,,
10.3389/fpsyg.2022.846621,2022,A Knowledge Query Network Model Based on Rasch Model Embedding for Personalized Online Learning,0,,1,,,
10.1109/TKDE.2022.3233046,2023,ExamGAN and Twin-ExamGAN for Exam Script Generation,0,,0,,EC6,
https://doi.org/10.1016/j.eswa.2021.114935,2021,A Hierarchical Memory Network for Knowledge Tracing,0,,0,,EC6,
https://doi.org/10.1016/j.procs.2023.10.107,2023,A student modeling method combining Deep Learning and forgetting models with Knowledge Tracing,0,,0,,EC6,
https://doi.org/10.1016/j.procs.2024.09.399,2024,ACKT : Self-Attentive Convolutional Model for Knowledge Tracing,0,,0,,EC6,
10.1109/ICIET60671.2024.10542821,2024,Graph Attention-Enhanced Knowledge Tracing: Unveiling Exercise Variability and Long-Term Dependencies,0,,0,,EC5,
10.1109/ICEIT61397.2024.10540839,2024,Knowledge Tracing Based Wheel Spinning Detection Model in Intelligent Tutoring Systems,0,,0,,EC5,
10.1016/j.neunet.2024.106495,2024,Model-agnostic counterfactual reasoning for identifying and mitigating answer bias in knowledge tracing,0,,1,,,
10.1109/IJCNN60899.2024.10651418,2024,Self-KT: Self-attentive Knowledge Tracing with Feature Fusion Pre-training in Online Education,0,,0,,EC6,
10.1109/IJCNN60899.2024.10650226,2024,Attention-Based Difficulty Feature Enhancement for Knowledge Tracing,0,,0,,EC6,
10.1109/EEBDA60612.2024.10486040,2024,Knowledge Tracing with Soft Labels Via Knowledge Distillation and IRT-Based Modeling,0,,0,,EC5,
10.26555/ijain.v10i1.1136,2024,Enhanced personalized learning exercise question recommendation model based on knowledge tracing,0,,0,,EC6,
10.5281/zenodo.11235602,2024,Supercharging BKT with Multidimensional Generalizable IRT and Skill Discovery,0,,0,,EC6,
10.1109/CCWC60891.2024.10427645,2024,Hypergraph Transformer for Knowledge Tracing,0,,0,,EC5,
10.1145/3637528.3671853,2024,Leveraging Pedagogical Theories to Understand Student Learning Process with Graph-based Reasonable Knowledge Tracing,0,,1,,,
10.1007/s11042-024-19976-1,2024,Attention model based on one-dimensional residual convolutional autoencoder and GRU for knowledge tracing,0,,0,,EC6,
10.1109/ICASSP48485.2024.10446887,2024,CONTRASTIVE LEARNING WITH BIDIRECTIONAL TRANSFORMERS FOR KNOWLEDGE TRACING,0,,0,,EC5,
10.1145/3664647.3681049,2024,Remembering is Not Applying: Interpretable Knowledge Tracing for Problem-solving Processes,0,,0,,EC6,
10.1145/3589334.3645373,2024,Interpretable Knowledge Tracing with Multiscale State Representation,0,,1,,,
10.3233/JIFS-232189,2024,Integrating learning factors and Bayesian network for interpretable knowledge tracing,0,,0,,RETRACTED,
10.1007/978-981-96-0116-5_34,2025,Enhanced Knowledge Tracing via Frequency Integration and Order Sensitivity,0,,1,,,
10.1145/3686424.3686454,2024,A Double-layer Stacked Gate Recurrent Unit with Self-Attention Residual Model for Knowledge Tracing,0,,0,,EC5,
10.1109/IATMSI60426.2024.10503187,2024,AI Tutor Enhanced with Prompt Engineering and Deep Knowledge Tracing,0,,0,,EC5,
10.1007/978-981-99-9640-7_34,2024,Personalized Learning Made Simple: A Deep Knowledge Tracing Model for Individual Cognitive Development,0,,0,,EC6,
10.1007/s00521-024-10011-w,2024,A study of progressive data flow knowledge tracing based on reconstructed attention mechanism,0,,0,,EC6,
10.1109/ICAIIC60209.2024.10463517,2024,Multi-Task Transformer with LSTM Model for Question Set Generation,0,,0,,EC5,
10.1109/TCSS.2024.3406048,2024,CeKT: Knowledge Tracing for Predicting Collective Performance on Exercise Sequence,0,,0,,EC6,
10.48550/arXiv.2403.13179,2024,"PREDICTIVE, SCALABLE AND INTERPRETABLE KNOWLEDGE TRACING ON STRUCTURED DOMAINS",0,,0,,EC5,
10.1145/3691720.3691762,2024,A Knowledge Tracking Model Based on Students’ Learning Abilities,0,,0,,EC5,
10.1145/3637528.3671711,2024,RIGL: A Unified Reciprocal Approach for Tracing the Independent and Group Learning Processes,0,,1,,,
10.4018/IJKM.358011,2024,DHKFN: Knowledge Tracking Model Based on Deep Hierarchical Knowledge Fusion Networks,0,,0,,EC6,
10.1371/journal.pone.0311194,2024,Short-term power load forecasting in China: A Bi-SATCN neural network model based on VMD-SE,0,,0,,Should not have made it into the 2nd screening,
10.1109/CSTE62025.2024.00046,2024,A Deep Knowledge Tracing Model Based on Double Attention Coding of Exercises and Concepts,0,,0,,EC5,
10.1109/ICDE60146.2024.00090,2024,Interpretable Knowledge Tracing via Response Influence-based Counterfactual Reasoning,0,,0,,EC6,
10.1145/3637528.3671773,2024,DyGKT: Dynamic Graph Learning for Knowledge Tracing,0,,0,,EC6,
10.1145/3589334.3645582,2024,Question Difficulty Consistent Knowledge Tracing,0,,0,,EC6,
10.48550/arXiv.2405.05134,2024,Board 262: Enhancing Deep Knowledge Tracing via Diffusion Models for Personalized Adaptive Learning,0,,0,,EC5,
10.1109/BigData59044.2023.10386686,2023,An Interactive Framework of Balancing evaluation Cost and Prediction Accuracy for Knowledge Tracing,0,,0,,EC6,
10.1007/978-981-99-6553-3_6,2023,A CNN-Based Self-attentive Approach to Knowledge Tracing,0,,0,,EC6,
10.1007/978-3-031-30105-6_19,2023,Heterogeneous Graph Representation for Knowledge Tracing,0,,0,,EC6,
10.1007/978-3-031-46664-9_26,2023,Deep Knowledge Tracing with Concept Trees,0,,0,,EC6,
10.1007/978-981-99-7869-4_7,2023,FDDKT:A Novel Knowledge Tracing Method by Fusing Difficulty and Discrimination for Intelligent Education,0,,0,,EC6,
10.1007/978-3-031-29800-4_59,2023,Q&A Generation for Flashcards Within a Transformer-Based Framework,0,,0,,Should not have made it into the 2nd screening,
10.5281/zenodo.7808087,2023,KT-Bi-GRU: Student Performance Prediction with a Bi-Directional Recurrent Knowledge Tracing Neural Network,0,,0,,EC6,
10.1109/CyberC58899.2023.00029,2023,Time-Aware Attentional Knowledge Tracing based on Pre-training and Feature Extraction,0,,0,,EC6,
10.1117/12.2685085,2023,Deep knowledge Tracing Model Integrated with Attention Mechanism,0,,0,,EC5,
10.1109/ICCECT57938.2023.10140232,2023,A Temporal Convolutional Knowledge Tracing Model Integrating Forgetting Factors and Item Response Theory,0,,0,,EC5,
10.1007/978-981-99-2443-1_1,2023,SATCN: An Improved Temporal Convolutional Neural Network with Self Attention Mechanism for Knowledge Tracing,0,,0,,EC6,
10.1007/978-3-031-40289-0_27,2023,TGKT-Based Personalized Learning Path Recommendation with Reinforcement Learning,0,,1,,,
10.3390/app14083425,2023,Multiple Attention Modules-based Knowledge Tracing,0,,0,,EC6,
10.1109/EEBDA56825.2023.10090542,2023,Temporal Convolutional Knowledge Tracking Model with Embedded Graph Association Information,0,,0,,EC5,
10.1109/IPEC57296.2023.00081,2023,Deep Knowledge Tracing with Multiple Features,0,Can't access full paper,0,,EC5,
10.1109/SWC57546.2023.10449114,2023,A Learner Knowledge State Modeling Method Based on the Improved DKVMN,0,,0,,EC6,
10.1109/ITME60234.2023.00134,2023,Context Matters: Advancing Knowledge Tracing in Online Learning with Enhanced Attention Mechanisms,0,,0,,EC5,
10.1007/978-981-99-2443-1_25,2023,Towards Intelligent Serious Games: Deep Knowledge Tracing with Hybrid Prediction Models,0,,0,,EC6,
10.1109/CSECS60003.2023.10428652,2023,Application of Sparse Attention Mechanism and Bidirectional GRU Neural Networks in Knowledge Tracing,0,,0,,EC5,
10.48550/arXiv.2302.06881,2023,SIMPLEKT: A SIMPLE BUT TOUGH-TO-BEAT BASELINE FOR KNOWLEDGE TRACING,0,Not peer-reviewed,0,,EC5,
10.1109/ICCE-Taiwan58799.2023.10226668,2023,Imbalanced Data for Knowledge Tracing,0,,0,,EC5,
10.1609/aaai.v37i13.26891,2023,Learning Logical Reasoning Using an Intelligent Tutoring System: A Hybrid Approach to Student Modeling,0,,0,,EC6,
10.1117/12.3011559,2023,A Deep Knowledge Tracing Model Based on Multi-Head Self-Attention Mechanism,0,,0,,EC5,
10.1145/3543507.3583255,2023,Tracing Knowledge Instead of Patterns: Stable Knowledge Tracing with Diagnostic Transformer,0,,1,,,
10.1007/978-981-99-8979-9_1,2023,Long-Term and Short-Term Perception in Knowledge Tracing,0,,0,,EC6,
10.1109/ISCEIC59030.2023.10271117,2023,A Convolutional Knowledge Tracing Method based on Graph Embedding,0,,0,,EC5,
10.1109/BIBM58861.2023.10386061,2023,Learning path design on knowledge graph by using reinforcement learning,0,,0,,EC5,
10.1109/ICCASIT58768.2023.10351639,2023,Interpretable Deep Knowledge Tracing with Graph Relationship Information,0,,0,,EC5,
10.1109/WAIE57417.2022.00027,2022,Multi-Scaled Attentive Knowledge Tracing,0,,0,,EC5,
10.1109/MLCCIM55934.2022.00044,2022,A knowledge tracing model based on attention mechanism,0,,0,,EC5,
10.3233/FAIA220283,2022,Learning Exercises Recommendation for Online Judge System Based on Deep Knowledge Tracing,0,,0,,EC6,
10.1109/ICEICT55736.2022.9908959,2022,Bayesian Knowledge Tracing based on Transformer,0,,0,,Should not have made it into the 2nd screening,
10.1109/BigData55660.2022.10020547,2022,Knowledge Tracing Based on Gated Heterogeneous Graph Convolutional Networks,0,,0,,EC5,
10.5281/zenodo.6853107,2022,DeepIRT with a Hypernetwork to Optimize the Degree of Forgetting of Past Data,0,,0,,EC5,
10.1145/3569966.3569987,2022,MAKT: A Knowledge Tracing Model Based on Meta Path and Attention Mechanism,0,,0,,EC5,
10.11916/j.issn.1005-9113.2020081,2022,Research on Deep Knowledge Tracking Incorporating Rich Features and Forgetting Behaviors,0,,0,,EC5,
10.18293/SEKE2022-142,2022,Using Multi-feature Embedding towards Accurate Knowledge Tracing,0,,0,,EC5,
10.1145/3565387.3565420,2022,MPSKT: Multi-head ProbSparse Self-Attention for Knowledge Tracing,0,,0,,EC5,
10.5281/zenodo.6853105,2022,Code-DKT: A Code-based Knowledge Tracing Model for Programming Tasks,0,,0,,EC6,
10.1145/3579654.3579772,2022,Deep Knowledge Tracing Integrating Multiple Learning Behaviors,0,,0,,EC5,
10.3991/ijet.v17i16.33179,2022,Higher Education-Oriented Recommendation Algorithm for Personalized Learning Resource,0,,0,,EC6,
10.1109/SmartWorld-UIC-ATC-ScalCom-DigitalTwin-PriComp-Metaverse56740.2022.00182,2022,Difficulty-aware Convolutional Knowledge Tracing for Student Performance Prediction,0,,0,,EC5,
10.19884/j.1672-5220.202009062,2020,Deep Knowledge Tracing Embedding Neural Network for Individualized Learning,0,Can't access full paper,0,,EC5,
10.48550/arXiv.1910.12597,2020,Extending deep knowledge tracing: Inferring interpretable knowledge and predicting post-system performance,0,,1,,,
10.48550/arXiv.2106.00524,2021,Student Performance Prediction Using Dynamic Neural Models,0,not peer-reviewed,0,,EC5,
10.48550/arXiv.2005.12442,2020,qDKT: Question-Centric Deep Knowledge Tracing,0,not peer-reviewed,0,,EC5,
10.19884/j.1672-5220.202011091,2021,Prediction of Online Judge Practice Passing Rate Based on Knowledge Tracing,0,Can't access full paper,0,,EC5,
10.1007/978-981-16-2540-4_13,2021,Dynamic Key-Value Gated Recurrent Network for Knowledge Tracing,0,,0,,EC6,
10.1007/978-3-030-68799-1_25,2021,Input-Aware Neural Knowledge Tracing Machine,0,,1,,,
10.48550/arXiv.2005.09109,2020,DYNAMIC KNOWLEDGE EMBEDDING AND TRACING,0,not peer-reviewed,0,,EC5,
10.48550/arXiv.2105.06266,2021,LANA: Towards Personalized Deep Knowledge Tracing Through Distinguishable Interactive Sequences,0,not peer-reviewed,0,,EC5,
10.48550/arXiv.1904.11738,2019,Deep-IRT: Make deep learning based knowledge tracing explainable using item response theory,0,not peer-reviewed,0,,EC5,
10.1145/3674840,2024,A Question-centric Multi-experts Contrastive Learning Framework for Improving the Accuracy and Interpretability of Deep Sequential Knowledge Tracing Models,0,,1,,,
10.1109/TALE54877.2022.00057,2022,Attention-LGBM-BiLSTM: An Attention-Based Ensemble Method for Knowledge Tracing,0,,0,,EC5,
10.1109/IJCNN54540.2023.10191002,2023,Improving Knowledge Tracing with Diverse Question Factors,0,,0,,EC5,
10.1109/NGDN61651.2024.10744055,2024,Multi-test knowledge tracing prediction model based on learning cycle,0,EC5 (no full text available),0,,,
10.1109/IJCNN60899.2024.10649935,2024,MGKT: A Multi-Relation Enhanced Graph-Based Model for Knowledge Tracing,0,,0,,EC6,
10.1109/ICASSP48485.2024.10447277,2024,GuessKT: Improving Knowledge Tracing via Considering Guess Behaviors,0,,0,,EC5,
10.1109/ITME60234.2023.00135,2023,Interpreting Learner Success: Enhancing Knowledge Tracing with Attention-Based IRT Models in Modern Education,0,,0,,EC5,
10.1109/IJCNN55064.2022.9891896,2022,Long- and Short-term Attention Network for Knowledge Tracing,0,,0,,EC6,
10.1109/ICDM58522.2023.00088,2023,Cognition-Mode Aware Variational Representation Learning Framework for Knowledge Tracing,0,,0,,EC6,
10.1109/IATMSI60426.2024.10502970,2024,Enhanced Transformer: Knowledge Tracing with Incorporation of Temporal Features,0,,0,,EC5,
10.1109/TALE54877.2022.00055,2022,MAKT: Multichannel Attention Networks based Knowledge Tracing with Representation Learning,0,,0,,EC6,
10.1109/TCSS.2023.3306909,2024,Knowledge-Associated Embedding for Memory-Aware Knowledge Tracing,0,,1,0,EC6,
10.1109/ICNSC62968.2024.10760077,2024,DF-EGM: Personalised Knowledge Tracing with Dynamic Forgetting and Enhanced Gain Mechanisms,0,,1,1,,
10.1109/CCAI61966.2024.10603014,2024,AFGAKT: Forgetting Law Guided Knowledge Tracking Model by Adversarial Training,0,EC5 (no full text available),0,0,EC5,
10.48550/arXiv.2008.01169,2020,Deep knowledge tracing with convolutions,0,EC5 (only preprint),0,0,EC5,
10.48550/arXiv.1805.10768,2018,Deep trustworthy knowledge tracing,0,EC5 (only preprint),0,0,EC5,
10.48550/arXiv.1811.03388,2019,Knowledge tracing machines: Factorization machines for knowledge tracing,0,,1,1,,
,2023,A SHAP-Inspired Method for Computing Interaction Contribution in Deep Knowledge Tracings,,,0,,,